time_s,component,altitude_m,max_temperature_K,total_mass_kg,mass_loss_rate_kg_s,velocity_m_s,max_recession_rate_mm_s
0.25,sphere.stl,79930.51237821716,314.14898681640625,286.35420111966044,0.0,7999.381588296357,0.0
0.5,sphere.stl,79861.05837586599,324.6780090332031,286.35420111966044,0.0,7998.756318825109,0.0
0.75,sphere.stl,79791.63795057064,333.74700927734375,286.35420111966044,0.0,7998.124163394389,0.0
1.0,sphere.stl,79722.25105850809,341.9219970703125,286.35420111966044,0.0,7997.485079908299,0.0
1.25,sphere.stl,79652.8976538837,349.47100830078125,286.35420111966044,0.0,7996.839021306404,0.0
1.5,sphere.stl,79583.57768829304,356.54998779296875,286.35420111966044,0.0,7996.185916539277,0.0
1.75,sphere.stl,79514.29108907665,363.260009765625,286.35420111966044,0.0,7995.525669462941,0.0
2.0,sphere.stl,79445.03779996264,369.66900634765625,286.35420111966044,0.0,7994.85822037781,0.0
2.25,sphere.stl,79375.8177689667,375.8280029296875,286.35420111966044,0.0,7994.183506267962,0.0
2.5,sphere.stl,79306.63094572008,381.77398681640625,286.35420111966044,0.0,7993.501473132882,0.0
2.75,sphere.stl,79237.47728067674,387.5360107421875,286.35420111966044,0.0,7992.812066175932,0.0
3.0,sphere.stl,79168.35672342757,393.1369934082031,286.35420111966044,0.0,7992.115228740854,0.0
3.25,sphere.stl,79099.2692242983,398.59600830078125,286.35420111966044,0.0,7991.410904800828,0.0
3.5,sphere.stl,79030.21473101142,403.9280090332031,286.35420111966044,0.0,7990.69903564123,0.0
3.75,sphere.stl,78961.19319001403,409.1449890136719,286.35420111966044,0.0,7989.979543603121,0.0
4.0,sphere.stl,78892.20452986135,414.25799560546875,286.35420111966044,0.0,7989.252342358802,0.0
4.25,sphere.stl,78823.24868708408,419.2760009765625,286.35420111966044,0.0,7988.517353857418,0.0
4.5,sphere.stl,78754.32560321261,424.20599365234375,286.35420111966044,0.0,7987.774515692282,0.0
4.75,sphere.stl,78685.4352211187,429.05499267578125,286.35420111966044,0.0,7987.02377440205,0.0
5.0,sphere.stl,78616.57748565635,433.8290100097656,286.35420111966044,0.0,7986.265046925028,0.0
5.25,sphere.stl,78547.75233968311,438.5989990234375,286.35420111966044,0.0,7985.498284727399,0.0
5.5,sphere.stl,78478.95972729611,443.3420104980469,286.35420111966044,0.0,7984.723419466437,0.0
5.75,sphere.stl,78410.1995902299,448.031005859375,286.35420111966044,0.0,7983.940392261063,0.0
6.0,sphere.stl,78341.47186054899,452.6679992675781,286.35420111966044,0.0,7983.149105845165,0.0
6.25,sphere.stl,78272.7764692003,457.2560119628906,286.35420111966044,0.0,7982.349489332862,0.0
6.5,sphere.stl,78204.11334997337,461.7980041503906,286.35420111966044,0.0,7981.541474801278,0.0
6.75,sphere.stl,78135.48244041778,466.2950134277344,286.35420111966044,0.0,7980.7249888001115,0.0
7.0,sphere.stl,78066.8836760701,470.75,286.35420111966044,0.0,7979.899963868837,0.0
7.25,sphere.stl,77998.31699589209,475.1650085449219,286.35420111966044,0.0,7979.066329546892,0.0
7.5,sphere.stl,77929.78233513056,479.5400085449219,286.35420111966044,0.0,7978.224022384259,0.0
7.75,sphere.stl,77861.27962990798,483.87799072265625,286.35420111966044,0.0,7977.37297270787,0.0
8.0,sphere.stl,77792.80880865158,488.2090148925781,286.35420111966044,0.0,7976.513092513771,0.0
8.25,sphere.stl,77724.3698014687,492.5409851074219,286.35420111966044,0.0,7975.644310456422,0.0
8.5,sphere.stl,77655.96253943714,496.8420104980469,286.35420111966044,0.0,7974.766550280515,0.0
8.75,sphere.stl,77587.5869502647,501.1130065917969,286.35420111966044,0.0,7973.8797360633225,0.0
9.0,sphere.stl,77519.24296426728,505.35400390625,286.35420111966044,0.0,7972.983795159825,0.0
9.25,sphere.stl,77450.93051497154,509.5870056152344,286.35420111966044,0.0,7972.07864286187,0.0
9.5,sphere.stl,77382.64953015227,513.8189697265625,286.35420111966044,0.0,7971.164210751474,0.0
9.75,sphere.stl,77314.39993987902,518.0230102539062,286.35420111966044,0.0,7970.240409108747,0.0
10.0,sphere.stl,77246.18166697759,522.2000122070312,286.35420111966044,0.0,7969.307158392379,0.0
10.25,sphere.stl,77177.99463570029,526.385009765625,286.35420111966044,0.0,7968.364372015207,0.0
10.5,sphere.stl,77109.83877172743,530.5770263671875,286.35420111966044,0.0,7967.411964142188,0.0
10.75,sphere.stl,77041.71400062638,534.7449951171875,286.35420111966044,0.0,7966.449853873045,0.0
11.0,sphere.stl,76973.6202466817,538.8880004882812,286.35420111966044,0.0,7965.47795730068,0.0
11.25,sphere.stl,76905.557434208,543.0070190429688,286.35420111966044,0.0,7964.496192499521,0.0
11.5,sphere.stl,76837.52548880529,547.1019897460938,286.35420111966044,0.0,7963.5044672050535,0.0
11.75,sphere.stl,76769.52433233323,551.1729736328125,286.35420111966044,0.0,7962.502699463751,0.0
12.0,sphere.stl,76701.5538846958,555.2219848632812,286.35420111966044,0.0,7961.490796547668,0.0
12.25,sphere.stl,76633.61406311212,559.27099609375,286.35420111966044,0.0,7960.4686612137775,0.0
12.5,sphere.stl,76565.7047870721,563.2979736328125,286.35420111966044,0.0,7959.436208546361,0.0
12.75,sphere.stl,76497.82597751416,567.3040161132812,286.35420111966044,0.0,7958.393347922987,0.0
13.0,sphere.stl,76429.97755533169,571.2880249023438,286.35420111966044,0.0,7957.340001848882,0.0
13.25,sphere.stl,76362.15944031987,575.2509765625,286.35420111966044,0.0,7956.276061321375,0.0
13.5,sphere.stl,76294.37154371284,579.1920166015625,286.35420111966044,0.0,7955.201431267888,0.0
13.75,sphere.stl,76226.61378195927,583.1400146484375,286.35420111966044,0.0,7954.116028481565,0.0
14.0,sphere.stl,76158.88607069332,587.1010131835938,286.35420111966044,0.0,7953.019762005737,0.0
14.25,sphere.stl,76091.18832935036,591.041015625,286.35420111966044,0.0,7951.912540212964,0.0
14.5,sphere.stl,76023.52046770131,594.9580078125,286.35420111966044,0.0,7950.794262423942,0.0
14.75,sphere.stl,75955.88239676664,598.8519897460938,286.35420111966044,0.0,7949.664831289525,0.0
15.0,sphere.stl,75888.27403022289,602.7239990234375,286.35420111966044,0.0,7948.52416276942,0.0
15.25,sphere.stl,75820.69528491075,606.572998046875,286.35420111966044,0.0,7947.372156099503,0.0
15.5,sphere.stl,75753.1460628169,610.3980102539062,286.35420111966044,0.0,7946.208704319961,0.0
15.75,sphere.stl,75685.62627394692,614.2000122070312,286.35420111966044,0.0,7945.03371308593,0.0
16.0,sphere.stl,75618.13583257757,617.97900390625,286.35420111966044,0.0,7943.84710370311,0.0
16.25,sphere.stl,75550.67464545419,621.7329711914062,286.35420111966044,0.0,7942.648747651871,0.0
16.5,sphere.stl,75483.2426117351,625.4639892578125,286.35420111966044,0.0,7941.438543826278,0.0
16.75,sphere.stl,75415.83964111278,629.1699829101562,286.35420111966044,0.0,7940.216401136273,0.0
17.0,sphere.stl,75348.46564413574,633.0159912109375,286.35420111966044,0.0,7938.982218080334,0.0
17.25,sphere.stl,75281.1205234968,636.968994140625,286.35420111966044,0.0,7937.735872737485,0.0
17.5,sphere.stl,75213.80417557477,640.905029296875,286.35420111966044,0.0,7936.477255647629,0.0
17.75,sphere.stl,75146.51650364319,644.823974609375,286.35420111966044,0.0,7935.2062683603,0.0
18.0,sphere.stl,75079.25741340777,648.7269897460938,286.35420111966044,0.0,7933.922812672223,0.0
18.25,sphere.stl,75012.026803562,652.6110229492188,286.35420111966044,0.0,7932.626752821638,0.0
18.5,sphere.stl,74944.82457004594,656.47802734375,286.35420111966044,0.0,7931.317995676205,0.0
18.75,sphere.stl,74877.65061663328,660.3270263671875,286.35420111966044,0.0,7929.9964208837955,0.0
19.0,sphere.stl,74810.50484339269,664.1580200195312,286.35420111966044,0.0,7928.6619159558,0.0
19.25,sphere.stl,74743.38713646716,668.0230102539062,286.35420111966044,0.0,7927.314358355103,0.0
19.5,sphere.stl,74676.29739296691,671.8900146484375,286.35420111966044,0.0,7925.953632370486,0.0
19.75,sphere.stl,74609.23551088692,675.739013671875,286.35420111966044,0.0,7924.579635326611,0.0
20.0,sphere.stl,74542.20138740557,679.5689697265625,286.35420111966044,0.0,7923.192246959141,0.0
20.25,sphere.stl,74475.19491583931,683.3800048828125,286.35420111966044,0.0,7921.791351000121,0.0
20.5,sphere.stl,74408.21599266704,687.3049926757812,286.35420111966044,0.0,7920.37685000973,0.0
20.75,sphere.stl,74341.26450230912,691.2169799804688,286.35420111966044,0.0,7918.948577080066,0.0
21.0,sphere.stl,74274.3403222557,695.1129760742188,286.35420111966044,0.0,7917.506427963048,0.0
21.25,sphere.stl,74207.44334527949,698.9929809570312,286.35420111966044,0.0,7916.050285399928,0.0
21.5,sphere.stl,74140.57346261293,702.8569946289062,286.35420111966044,0.0,7914.580035464113,0.0
21.75,sphere.stl,74073.73056665265,706.7039794921875,286.35420111966044,0.0,7913.095559477206,0.0
22.0,sphere.stl,74006.91454546755,710.5430297851562,286.35420111966044,0.0,7911.596739917749,0.0
22.25,sphere.stl,73940.12528056314,714.4240112304688,286.35420111966044,0.0,7910.0834428353355,0.0
22.5,sphere.stl,73873.36265322643,718.2880249023438,286.35420111966044,0.0,7908.555545721634,0.0
22.75,sphere.stl,73806.62654310359,722.1339721679688,286.35420111966044,0.0,7907.012933063566,0.0
23.0,sphere.stl,73739.91682797653,725.9619750976562,286.35420111966044,0.0,7905.455453944261,0.0
23.25,sphere.stl,73673.23338939366,729.77197265625,286.35420111966044,0.0,7903.882998212475,0.0
23.5,sphere.stl,73606.5761033287,733.5969848632812,286.35420111966044,0.0,7902.295430065706,0.0
23.75,sphere.stl,73539.94484960612,737.5479736328125,286.35420111966044,0.0,7900.692632368546,0.0
24.0,sphere.stl,73473.33950642671,741.4840087890625,286.35420111966044,0.0,7899.074458314839,0.0
24.25,sphere.stl,73406.75994998627,745.4039916992188,286.35420111966044,0.0,7897.440783993217,0.0
24.5,sphere.stl,73340.20605912193,749.3079833984375,286.35420111966044,0.0,7895.79147846507,0.0
24.75,sphere.stl,73273.67770066012,753.197021484375,286.35420111966044,0.0,7894.126408271031,0.0
25.0,sphere.stl,73207.17474097593,757.0700073242188,286.35420111966044,0.0,7892.445419215773,0.0
25.25,sphere.stl,73140.69705269703,760.926025390625,286.35420111966044,0.0,7890.748380781179,0.0
25.5,sphere.stl,73074.24449855747,764.7659912109375,286.35420111966044,0.0,7889.035145267764,0.0
25.75,sphere.stl,73007.81694651206,768.5889892578125,286.35420111966044,0.0,7887.305568290671,0.0
26.0,sphere.stl,72941.4142593942,772.39599609375,286.35420111966044,0.0,7885.5595070554145,0.0
26.25,sphere.stl,72875.03630188447,776.2160034179688,286.35420111966044,0.0,7883.796819832189,0.0
26.5,sphere.stl,72808.6829379665,780.156982421875,286.35420111966044,0.0,7882.017365282686,0.0
26.75,sphere.stl,72742.35403178296,784.1489868164062,286.35420111966044,0.0,7880.2210041633,0.0
27.0,sphere.stl,72676.04944179449,788.1300048828125,286.35420111966044,0.0,7878.4075819541595,0.0
27.25,sphere.stl,72609.76902398866,792.094970703125,286.35420111966044,0.0,7876.576949092543,0.0
27.5,sphere.stl,72543.51263426189,796.0419921875,286.35420111966044,0.0,7874.728956663447,0.0
27.75,sphere.stl,72477.28012903586,799.9730224609375,286.35420111966044,0.0,7872.8634665452255,0.0
28.0,sphere.stl,72411.07135767168,803.885986328125,286.35420111966044,0.0,7870.980329596334,0.0
28.25,sphere.stl,72344.88617367232,807.8809814453125,286.35420111966044,0.0,7869.079399250076,0.0
28.5,sphere.stl,72278.72442252115,811.9530029296875,286.35420111966044,0.0,7867.160524868678,0.0
28.75,sphere.stl,72212.58595450217,816.010986328125,286.35420111966044,0.0,7865.223559192362,0.0
29.0,sphere.stl,72146.47061412825,820.0549926757812,286.35420111966044,0.0,7863.268354672568,0.0
29.25,sphere.stl,72080.37824386539,824.0850219726562,286.35420111966044,0.0,7861.294766356273,0.0
29.5,sphere.stl,72014.30869335514,828.0999755859375,286.35420111966044,0.0,7859.302647278925,0.0
29.75,sphere.stl,71948.26179420274,832.1010131835938,286.35420111966044,0.0,7857.291838818365,0.0
30.0,sphere.stl,71882.23739430495,836.0869750976562,286.35420111966044,0.0,7855.262208364568,0.0
30.25,sphere.stl,71816.23532151303,840.0579833984375,286.35420111966044,0.0,7853.213591039509,0.0
30.5,sphere.stl,71750.25541610438,844.0139770507812,286.35420111966044,0.0,7851.145852043031,0.0
30.75,sphere.stl,71684.297500765,847.9539794921875,286.35420111966044,0.0,7849.058818718908,0.0
31.0,sphere.stl,71618.36140705716,852.0599975585938,286.35420111966044,0.0,7846.9523415007525,0.0
31.25,sphere.stl,71552.44696198765,856.1799926757812,286.35420111966044,0.0,7844.826280149054,0.0
31.5,sphere.stl,71486.5539947216,860.3170166015625,286.35420111966044,0.0,7842.680479910964,0.0
31.75,sphere.stl,71420.68233081784,864.4450073242188,286.35420111966044,0.0,7840.51479506299,0.0
32.0,sphere.stl,71354.83180116302,868.56298828125,286.35420111966044,0.0,7838.329078859879,0.0
32.25,sphere.stl,71289.00222524913,872.6719970703125,286.35420111966044,0.0,7836.123172764999,0.0
32.5,sphere.stl,71223.19342653191,876.7869873046875,286.35420111966044,0.0,7833.896935252767,0.0
32.75,sphere.stl,71157.40522451812,881.0800170898438,286.35420111966044,0.0,7831.650207408913,0.0
33.0,sphere.stl,71091.63742887019,885.3619995117188,286.35420111966044,0.0,7829.382822950805,0.0
33.25,sphere.stl,71025.88985768516,889.6339721679688,286.35420111966044,0.0,7827.09464716592,0.0
33.5,sphere.stl,70960.16231892089,893.89599609375,286.35420111966044,0.0,7824.785507852214,0.0
33.75,sphere.stl,70894.45463003957,898.14697265625,286.35420111966044,0.0,7822.4552790960215,0.0
34.0,sphere.stl,70828.76659894221,902.3870239257812,286.35420111966044,0.0,7820.103773726186,0.0
34.25,sphere.stl,70763.09803584847,906.614990234375,286.35329244856183,0.0036346843945031077,7817.730854586039,10.042563692659762
34.5,sphere.stl,70697.44874733541,910.114990234375,286.3376974921952,0.062379825466297584,7815.336314181032,10.488470594621205
34.75,sphere.stl,70631.81854030062,910.3350219726562,286.31472625709364,0.09188494040651085,7812.919187482741,10.513396122357122
35.0,sphere.stl,70566.20709209016,910.614990234375,286.2777912575649,0.14773999811491356,7810.479025540992,10.73392088492234
35.25,sphere.stl,70500.6140502505,910.5479736328125,286.23246852174736,0.1812909432700176,7808.0148731082845,10.700649855287473
35.5,sphere.stl,70435.03895706954,911.1799926757812,286.17644608323076,0.22408975406653076,7805.526390184823,10.857952129895915
35.75,sphere.stl,70369.4812956425,911.2249755859375,286.1105371265258,0.26363582681976844,7803.01281084042,10.938541074126347
36.0,sphere.stl,70303.9404854946,912.0130004882812,286.03104321969727,0.31797562731403933,7800.473467201156,11.066301938858196
36.25,sphere.stl,70238.41590434236,913.1820068359375,285.94380680211214,0.3489456703407263,7797.907411567732,11.04807436530247
36.5,sphere.stl,70172.90681185335,913.7839965820312,285.84559031236995,0.3928659589684785,7795.3141412772675,11.197450863750985
36.75,sphere.stl,70107.41245279182,914.6589965820312,285.73668833295903,0.43560791764364937,7792.692556259366,11.299754871772395
37.0,sphere.stl,70041.93205396962,916.14697265625,285.61589541735225,0.48317166242708054,7790.041578422196,11.300278098740973
37.25,sphere.stl,69976.46481428169,917.2559814453125,285.48248932635295,0.5336243639975276,7787.359936012395,11.347890029479853
37.5,sphere.stl,69911.00991518685,918.4249877929688,285.340582087778,0.5676289542996218,7784.645877721421,11.456186058490857
37.75,sphere.stl,69845.56653419524,919.8460083007812,285.1863360404731,0.6169841892195118,7781.897652617425,11.53028741864681
38.0,sphere.stl,69780.13394022579,921.0479736328125,285.02280221102944,0.6541353177749274,7779.113282107259,11.570448879889113
38.25,sphere.stl,69714.71160859898,922.7379760742188,284.8430387196669,0.7190539654501743,7776.290730036446,11.602173892860794
38.5,sphere.stl,69649.29921293193,924.2349853515625,284.6529972609915,0.7601658347014819,7773.427294402282,11.595916083378105
38.75,sphere.stl,69583.89679879321,926.0800170898438,284.447398607022,0.8223946158779936,7770.521260591764,11.64768798651382
39.0,sphere.stl,69518.50482347405,928.1309814453125,284.23131617622244,0.8643297231981453,7767.571290986645,11.698956463712525
39.25,sphere.stl,69453.12431671155,930.2440185546875,284.00130499620514,0.9200447200690965,7764.577655349449,11.749087713265503
39.5,sphere.stl,69387.75701170317,932.343994140625,283.7624473931003,0.9554304124197264,7761.5418110372275,11.794816836273894
39.75,sphere.stl,69322.4053226076,934.4580078125,283.5095942340207,1.0114126363182943,7758.466856897823,11.844670899946143
40.0,sphere.stl,69257.07213886011,936.531005859375,283.25156899308286,1.0321009637517353,7755.356311361891,11.899815062812243
40.25,sphere.stl,69191.76067028582,938.5050048828125,282.98446928607535,1.0683988280299035,7752.213702543679,11.954201644400273
40.5,sphere.stl,69126.47406392999,940.3300170898438,282.71137446547544,1.0923792823996537,7749.040237686528,12.020112463117359
40.75,sphere.stl,69061.21524503792,942.0869750976562,282.4311446750157,1.1209191618390084,7745.833917880968,12.08397756493621
41.0,sphere.stl,68995.98669484352,943.843994140625,282.1402062762032,1.1637535952500153,7742.589155322346,12.140404615419115
41.25,sphere.stl,68930.7904282406,945.677978515625,281.8370945133611,1.2124470513682806,7739.296871650094,12.195253445928843
41.5,sphere.stl,68865.6277381791,947.6640014648438,281.52200484863306,1.2603586589121658,7735.946100059439,12.251770648386568
41.75,sphere.stl,68800.49898909948,949.7940063476562,281.1955812633154,1.3056943412707729,7732.526911683632,12.309476646741254
42.0,sphere.stl,68735.40285161666,952.0180053710938,280.856304098365,1.3571086598017217,7729.035982449805,12.353364277055235
42.25,sphere.stl,68670.33548841049,954.0789794921875,280.5058528310785,1.4018050691459953,7725.481747687751,12.395216468588465
42.5,sphere.stl,68605.29030518798,955.8889770507812,280.14921260364486,1.4265609097350291,7721.884728990591,12.454110739608558
42.75,sphere.stl,68540.25831276865,957.2830200195312,279.7914501327503,1.43104988357794,7718.269593386062,12.551871147933783
43.0,sphere.stl,68475.22933327849,958.3140258789062,279.42684295983304,1.458428691669354,7714.650893023774,12.689567229165077
43.25,sphere.stl,68410.19389318519,959.3839721679688,279.0602346426015,1.4664332689262816,7711.020917732134,12.754211049384798
43.5,sphere.stl,68345.14431774808,960.7589721679688,278.6861820332462,1.4962104374213585,7707.350781705328,12.842435479758992
43.75,sphere.stl,68280.07463944882,962.7529907226562,278.2964272539661,1.5590191171203034,7703.598646184801,12.839233158287069
44.0,sphere.stl,68214.9810571252,965.4329833984375,277.8906546754078,1.6230903142331528,7699.727589642076,12.907964115253984
44.25,sphere.stl,68149.86401514888,968.4240112304688,277.4688799317652,1.6870989745706653,7695.7428120117565,12.85882322642634
44.5,sphere.stl,68084.73196027488,969.7150268554688,277.04487073012865,1.6960368065455445,7691.726023430656,12.888038096694101
44.75,sphere.stl,68019.603220229,970.4149780273438,276.6309504767008,1.655681013711806,7687.802274379028,12.968572427792763
45.0,sphere.stl,67954.49968549267,971.0549926757812,276.2371529813463,1.575189981417968,7684.030792421396,13.053773225432561
45.25,sphere.stl,67889.43746454375,970.6179809570312,275.86115212793766,1.5040034136344729,7680.3604041666795,13.277608205606882
45.5,sphere.stl,67824.42565955885,970.489990234375,275.48951966407617,1.486529855445767,7676.6811340782315,13.278889824581494
45.75,sphere.stl,67759.47447748222,971.718017578125,275.0874436113412,1.608304210940148,7672.855982482214,13.368928761334091
46.0,sphere.stl,67694.60229030109,974.5479736328125,274.64211000797786,1.781334413453385,7668.737899634502,13.280785647732776
46.25,sphere.stl,67629.8294204423,977.77099609375,274.160350770646,1.9270369493268849,7664.341283763145,13.36101542314155
46.5,sphere.stl,67565.14678995457,977.7160034179688,273.70063897160793,1.838847196152432,7660.0567411699385,13.55603147957202
46.75,sphere.stl,67500.49402506824,975.1699829101562,273.3072716601987,1.5734692456371757,7656.234562323545,14.027332452115227
47.0,sphere.stl,67435.81687597322,969.9229736328125,273.0005963295134,1.2267013227409074,7652.703715188786,13.015887773984591
47.25,sphere.stl,67371.11551000754,965.6229858398438,272.7477765762536,1.0112790130393199,7649.2223429363985,12.391901123932879
47.5,sphere.stl,67306.40741875503,963.6129760742188,272.50442676023215,0.9733992640861291,7645.720376270507,13.275310698986745
47.75,sphere.stl,67241.69653369662,964.343017578125,272.23449362917904,1.0797325242124989,7642.173401231246,13.243870453069677
48.0,sphere.stl,67176.96106702335,968.18798828125,271.9065337654792,1.3118394547992083,7638.476894960731,13.922423064278398
48.25,sphere.stl,67112.14248133883,974.8820190429688,271.49687883375736,1.63861972688739,7634.390911136485,14.315771724314915
48.5,sphere.stl,67047.1725982855,980.77001953125,271.028438821181,1.8737600503056009,7629.868606494091,14.167869827556327
48.75,sphere.stl,66982.09721251781,981.197998046875,270.59465723492633,1.7351263450186063,7625.609461282632,14.039818275036131
49.0,sphere.stl,66917.08172068215,976.010009765625,270.2929589644093,1.2067930820680561,7621.913665812922,12.967554405016683
49.25,sphere.stl,66852.11124847936,965.875,270.14766436611046,0.5811783931951123,7618.1658182926785,10.30211704493876
49.5,sphere.stl,66787.0859320996,955.0880126953125,270.09867855291054,0.19594325279972818,7614.195044013578,7.4798628948856685
49.75,sphere.stl,66721.99687202128,943.0819702148438,270.0865135793155,0.04865989438035436,7610.074132395363,3.3566231845962315
50.0,sphere.stl,66656.86529911586,934.0260009765625,270.08602976603794,0.0019352531102762298,7605.861065218595,0.25515812612606675
50.25,sphere.stl,66591.71089055359,926.1229858398438,270.0857149236248,0.0012593696523850839,7601.5889239987,0.2736685841870265
50.5,sphere.stl,66526.54610140351,918.9630126953125,270.08557841098263,0.0005460505688593029,7597.277609823138,0.1794790402945407
50.75,sphere.stl,66461.3792358744,912.3679809570312,270.08553467795116,0.0001749321259365891,7592.943574782867,0.1036383248505019
51.0,sphere.stl,66396.21877264092,906.2479858398438,270.08553467795116,0.0,7588.607402038236,0.0
51.25,sphere.stl,66331.07760247127,903.7479858398438,270.08553467795116,0.0,7584.29822438917,0.0
51.5,sphere.stl,66265.97506965153,905.7780151367188,270.08553467795116,0.0,7580.052299519488,0.0
51.75,sphere.stl,66200.93265711037,913.6710205078125,270.07090364015687,0.058524151177190085,7575.900458988629,12.322584580746378
52.0,sphere.stl,66135.96109815397,921.9429931640625,270.02016739920344,0.20294496381381158,7571.843322644513,13.824377277668955
52.25,sphere.stl,66071.03991338002,929.8759765625,269.9062576718693,0.4556389093363967,7567.796509440518,14.556748823251814
52.5,sphere.stl,66006.10149179412,936.0479736328125,269.7154815265827,0.7631045811466136,7563.528340349085,14.678503559712974
52.75,sphere.stl,65941.07469692705,941.1320190429688,269.44404507057425,1.0857458240338076,7558.816046143879,14.814245243631447
53.0,sphere.stl,65876.01314829837,944.1220092773438,269.14986239716245,1.1767306936472044,7554.015483707846,14.51495935344963
53.25,sphere.stl,65811.09027612279,939.4359741210938,268.91952342943955,0.9213558708916937,7549.695174072733,13.364244994261602
53.5,sphere.stl,65746.27978404376,930.5419921875,268.8120307635181,0.4299706636856113,7545.493503680192,9.885958782612633
53.75,sphere.stl,65681.42881186766,917.302001953125,268.7988602916724,0.05268188738307504,7541.043480256139,5.25171480786759
54.0,sphere.stl,65616.51426431163,908.541015625,268.798845094309,6.078945354002313e-05,7536.371284075768,0.05688184011286502
54.25,sphere.stl,65551.57077246334,901.291015625,268.798845094309,0.0,7531.562104698129,0.0
54.5,sphere.stl,65486.62575439048,894.9140014648438,268.798845094309,0.0,7526.672444099783,0.0
54.75,sphere.stl,65421.69446143446,893.3410034179688,268.798845094309,0.0,7521.738318110303,0.0
55.0,sphere.stl,65356.78865198418,896.072021484375,268.798845094309,0.0,7516.790882486756,0.0
55.25,sphere.stl,65291.923081045425,901.489990234375,268.798845094309,0.0,7511.869115652674,0.0
55.5,sphere.stl,65227.11690858363,909.2420043945312,268.79732454722625,0.00608218833086789,7507.022072794735,9.582401888225284
55.75,sphere.stl,65162.38407166038,917.7349853515625,268.7895782730033,0.030985096891653942,7502.2929937092285,12.105164495420349
56.0,sphere.stl,65097.71585824021,924.781982421875,268.7587909027194,0.12314948113570845,7497.685314644524,14.465960629537769
56.25,sphere.stl,65033.077667158934,930.8909912109375,268.70188450701613,0.22762558281301304,7493.130619328563,14.879672813244705
56.5,sphere.stl,64968.432480965224,933.541015625,268.61258646661884,0.3571921615892024,7488.476615949325,15.652873624433708
56.75,sphere.stl,64903.79412508224,939.198974609375,268.44077869104024,0.6872311023143289,7483.557025802882,15.437020245012599
57.0,sphere.stl,64839.25597106037,941.0239868164062,268.1682209957438,1.0902307811856102,7478.399993319554,15.42203173191595
57.25,sphere.stl,64774.912870447646,939.322998046875,267.88346786084423,1.1390125395982806,7473.315911244488,15.22373492719154
57.5,sphere.stl,64710.72536922473,932.4310302734375,267.65109373443477,0.9294965056381083,7468.491256061305,14.50379721210117
57.75,sphere.stl,64646.56847020777,924.2050170898438,267.5121108003625,0.555931736288949,7463.74544952677,12.798155361361953
58.0,sphere.stl,64582.39985485323,914.8740234375,267.4709733093779,0.1645499639385258,7458.86392157761,10.755823435742018
58.25,sphere.stl,64518.26294962996,908.780029296875,267.46397217546246,0.028004535661197198,7453.795491928375,7.549428764024206
58.5,sphere.stl,64454.202630140455,905.7869873046875,267.46397217546246,0.0,7448.577091513217,0.0
58.75,sphere.stl,64390.23577446013,905.5130004882812,267.46397217546246,0.0,7443.258856778107,0.0
59.0,sphere.stl,64326.3585421151,908.4639892578125,267.4624124099431,0.006239062077884575,7437.885544051884,9.621365996845663
59.25,sphere.stl,64262.55482579218,913.6209716796875,267.45786076203393,0.018206591636532553,7432.496845147915,10.947013974262147
59.5,sphere.stl,64198.79882872897,918.0020141601562,267.44335524785254,0.05802205672549059,7427.129214400192,12.917563571391586
59.75,sphere.stl,64135.055178612376,919.7329711914062,267.4155435027244,0.11124698051262166,7421.813448459738,14.425711574798791
60.0,sphere.stl,64071.28255964466,922.9639892578125,267.3615164322241,0.21610828200122292,7416.567138845155,14.617433850450515
60.25,sphere.stl,64007.445871234886,926.77001953125,267.27987729510323,0.32655654848358706,7411.384514613246,15.703433749891554
60.5,sphere.stl,63943.53614140815,930.4849853515625,267.1468288740273,0.532193684303518,7406.224944076225,15.819151300972646
60.75,sphere.stl,63879.58629158059,933.1810302734375,266.93398641417366,0.8513698394146676,7401.011598733369,16.50900333404209
61.0,sphere.stl,63815.66138781084,935.7849731445312,266.6523204186613,1.1266639820493352,7395.665996931156,16.485534853379182
61.25,sphere.stl,63751.810278738645,937.9619750976562,266.3393625421781,1.2518315059328429,7390.182399233661,16.593044638816323
61.5,sphere.stl,63688.00621112709,939.072998046875,266.02349579844247,1.2634669749423908,7384.666553091912,16.399800989480838
61.75,sphere.stl,63624.159237622385,939.1929931640625,265.7147573226529,1.2349539031585113,7379.232213541296,15.986651172020444
62.0,sphere.stl,63560.218129649955,937.8729858398438,265.4421478149124,1.0904380309619877,7373.864598185021,15.237523777788372
62.25,sphere.stl,63496.221397170775,935.968994140625,265.21859290269845,0.8942196488557841,7368.466501804388,14.639106190616758
62.5,sphere.stl,63432.23580193446,934.3569946289062,265.0322212548333,0.7454865914608576,7362.975183652684,14.009607019123816
62.75,sphere.stl,63368.29184070161,934.0260009765625,264.8660934068852,0.664511391792014,7357.389548061398,14.077024548581761
63.0,sphere.stl,63304.37610943811,933.844970703125,264.70198812559767,0.656421125150231,7351.742020502082,14.217653841251598
63.25,sphere.stl,63240.45116228724,935.7869873046875,264.5278698656324,0.696473039861186,7346.072073214838,14.639703792163186
63.5,sphere.stl,63176.47592748286,938.3060302734375,264.31931500710385,0.8342194341141955,7340.410606760087,15.245817278238889
63.75,sphere.stl,63112.424178219684,941.344970703125,264.0707180336885,0.9943878936616011,7334.7637789184155,15.96681282426701
64.0,sphere.stl,63048.303191558414,944.3809814453125,263.76632907078806,1.2175558516016314,7329.097775941636,16.344081372251644
64.25,sphere.stl,62984.16229274352,946.427978515625,263.3981121341033,1.4728677467389204,7323.332186048971,16.853295552548875
64.5,sphere.stl,62920.070972127796,950.2990112304688,262.97287027835466,1.700967422994605,7317.378325155849,16.970857784931873
64.75,sphere.stl,62856.0544201486,954.3510131835938,262.5097498623963,1.8524816638337758,7311.2406005762905,17.215585583831555
65.0,sphere.stl,62792.03611141985,957.6719970703125,262.03386367159715,1.9035447631968163,7305.074159370539,17.165030644776127
65.25,sphere.stl,62727.88824858302,959.8410034179688,261.57958676453484,1.8171076282490055,7299.050117767521,17.11932095975778
65.5,sphere.stl,62663.56972755406,959.43701171875,261.1821778393314,1.5896357008136466,7293.160796210299,16.943282182079248
65.75,sphere.stl,62599.15800453429,958.5289916992188,260.848660724197,1.3340684605380209,7287.271812261413,16.16264617599086
66.0,sphere.stl,62534.7415911951,957.0380249023438,260.56363228743083,1.1401137470642686,7281.290641625537,15.722391687621815
66.25,sphere.stl,62470.34479703102,956.35400390625,260.3055978928863,1.032137578178307,7275.211762752609,15.602232575247143
66.5,sphere.stl,62405.93761190674,956.0120239257812,260.0459784396355,1.0384778130029542,7269.077570265237,16.14796129303662
66.75,sphere.stl,62341.47234478552,957.0390014648438,259.75668162052426,1.1571872764453472,7262.936375669237,16.520381978024552
67.0,sphere.stl,62276.914144961826,958.927001953125,259.43167385677225,1.3000310550078087,7256.8136702058855,17.089300365167173
67.25,sphere.stl,62212.26564898891,961.2739868164062,259.04568412192873,1.5439589393740192,7250.68801851315,17.50824016583308
67.5,sphere.stl,62147.58000838023,965.2899780273438,258.5868957307156,1.8351535648525354,7244.468061444263,17.708898342144135
67.75,sphere.stl,62082.940080361754,969.1710205078125,258.0667427430682,2.0806119505893492,7238.0194353490115,17.74762044281145
68.0,sphere.stl,62018.385209505424,973.1309814453125,257.48838049290987,2.3134490006331783,7231.273231692857,17.660336745402425
68.25,sphere.stl,61953.83323966782,975.0650024414062,256.89681776869423,2.3662508968625526,7224.347078661426,17.705605328891217
68.5,sphere.stl,61889.107586609774,974.969970703125,256.3257790189849,2.2841549988371725,7217.505034583528,18.118621116403297
68.75,sphere.stl,61824.09440218042,972.9920043945312,255.81803599632616,2.030972090635041,7210.901066825177,17.96569356966124
69.0,sphere.stl,61758.841087500805,968.947998046875,255.37104592752067,1.7879602752218506,7204.476282031503,17.893273695587087
69.25,sphere.stl,61693.47310442441,963.7219848632812,254.97234937812058,1.594786197600302,7198.085810203837,17.19049945438107
69.5,sphere.stl,61628.07056378254,965.7650146484375,254.59526979223767,1.5083183435316099,7191.649044174678,17.414339095590275
69.75,sphere.stl,61562.63994938195,968.448974609375,254.2202452129742,1.5000983170539164,7185.158286251721,18.234991452190894
70.0,sphere.stl,61497.153958953,971.8410034179688,253.82057809664474,1.5986684653179504,7178.636388302455,17.946342123973192
70.25,sphere.stl,61431.59918609583,975.8289794921875,253.37770488533494,1.7714928452391863,7172.083299573664,18.58454048948122
70.5,sphere.stl,61366.00814341779,979.5910034179688,252.8747168583302,2.0119521080188396,7165.445561558182,18.5299374013613
70.75,sphere.stl,61300.45913515748,983.4550170898438,252.31102066625888,2.2547847682852833,7158.606869006371,18.607469743826204
71.0,sphere.stl,61235.02601708369,985.7529907226562,251.69264859882725,2.473488269726498,7151.448865536931,18.576636081857924
71.25,sphere.stl,61169.68715409954,985.7780151367188,251.04988327665603,2.571061288684791,7143.976474398393,18.62984090762402
71.5,sphere.stl,61104.27619211712,986.5050048828125,250.41316285386694,2.5468816911562966,7136.400700391033,18.6288605352059
71.75,sphere.stl,61038.576714165356,985.1320190429688,249.81059219969825,2.4102826166747646,7129.00225046198,18.613361423073876
72.0,sphere.stl,60972.500380008874,986.5609741210938,249.2597447310235,2.2033898746992464,7121.893271070399,19.02664264098907
72.25,sphere.stl,60906.135468204506,985.8579711914062,248.76886075911688,1.9635358876262337,7114.979750482978,18.83514498088104
72.5,sphere.stl,60839.62552651274,985.6610107421875,248.31358923720433,1.821086087650269,7108.122018245444,18.805151424620856
72.75,sphere.stl,60773.05716993168,986.1290283203125,247.86993255172638,1.7746267419118265,7101.239998540009,18.821788099662914
73.0,sphere.stl,60706.45140290383,987.3489990234375,247.40753644582082,1.8495844236222565,7094.309761178139,18.99487648907844
73.25,sphere.stl,60639.81323863383,990.3159790039062,246.9154198813314,1.9684662579578192,7087.308161813431,19.041378372867502
73.5,sphere.stl,60573.18347899369,992.426025390625,246.36476097434127,2.202635627960324,7080.166516142995,19.07034945445887
73.75,sphere.stl,60506.65814056952,994.6810302734375,245.76222451278312,2.4101458462325507,7072.73703738375,19.115673654689328
74.0,sphere.stl,60440.34966058985,996.2150268554688,245.09831602877432,2.655633936035237,7064.864480780855,19.200132536919202
74.25,sphere.stl,60374.280934804505,995.8489990234375,244.39492614935898,2.813559517661092,7056.527804866321,19.299583354126657
74.5,sphere.stl,60308.285529957335,996.6170043945312,243.6818549194025,2.852284919825823,7047.975265671134,19.485669843932744
74.75,sphere.stl,60242.06022560327,999.2789916992188,242.99795482143765,2.735600391859492,7039.613825848645,19.49164443954822
75.0,sphere.stl,60175.3861773577,1001.0399780273438,242.36524953228678,2.5308211566033183,7031.684535321223,19.653898010779976
75.25,sphere.stl,60108.28056905947,1000.4400024414062,241.7931755771528,2.288295820535919,7024.121678943943,19.781860821931044
75.5,sphere.stl,60040.9098331977,998.7990112304688,241.27240627515658,2.083077207984986,7016.726636835019,19.468961469867565
75.75,sphere.stl,59973.42415426808,998.6810302734375,240.76857255095518,2.015334896805515,7009.355961030396,20.10790951522977
76.0,sphere.stl,59905.89375749412,999.0339965820312,240.26543626974882,2.0125451248254973,7001.943861735042,19.93271772347215
76.25,sphere.stl,59838.34569753708,1000.3699951171875,239.73201876563647,2.1336700164493916,6994.452056696875,19.926991995721576
76.5,sphere.stl,59770.82870010901,1002.9000244140625,239.14568987314033,2.3453155699847272,6986.791985545678,20.005041870963137
76.75,sphere.stl,59703.45464246183,1005.469970703125,238.49985524964313,2.5833384939886708,6978.798680020495,20.083346979136454
77.0,sphere.stl,59636.37458280809,1010.1699829101562,237.7959384190264,2.8156673224669317,6970.293047376821,20.17230351282194
77.25,sphere.stl,59569.668504180714,1014.010009765625,237.05511792776343,2.963281965051919,6961.242263375512,20.131027029270083
77.5,sphere.stl,59503.210210204954,1015.9000244140625,236.30442770122374,3.0027609061586613,6951.897829880429,20.200126200252218
77.75,sphere.stl,59436.66514061235,1015.27001953125,235.58216083706313,2.8890674566425956,6942.698212248751,20.44652164858578
